{"cameraMode":{"drawMode":0,"name":"Shaded","section":"Shading Mode"},"sceneLighting":true,"audioPlay":false,"sceneViewState":{"showFog":true,"showMaterialUpdate":false,"showSkybox":true,"showFlares":true,"showImageEffects":true,"showParticleSystems":true},"in2DMode":false,"pivot":{"x":8.170363426208496,"y":3.1011199951171877,"z":6.348899841308594},"rotation":{"x":0.18408620357513429,"y":0.5872243642807007,"z":-0.1391041874885559,"w":0.7759626507759094},"size":12.908732414245606,"orthographic":false}